<?xml version="1.0" encoding="UTF-8"?>
<project-private xmlns="http://www.netbeans.org/ns/project-private/1">
    <editor-bookmarks xmlns="http://www.netbeans.org/ns/editor-bookmarks/2" lastBookmarkId="0"/>
    <open-files xmlns="http://www.netbeans.org/ns/projectui-open-files/2">
        <group>
            <file>file:/F:/IPN/Semestres/Semestre_4/PSW/4IV8_PSW_MoralesCampuzanoJoseRodrigo/4IV8_PSW_MoralesCampuzanoJoseRodrigo/09Servlet/web/index.html</file>
            <file>file:/F:/IPN/Semestres/Semestre_4/PSW/4IV8_PSW_MoralesCampuzanoJoseRodrigo/4IV8_PSW_MoralesCampuzanoJoseRodrigo/09Servlet/src/java/Parametros.java</file>
        </group>
    </open-files>
</project-private>
